alpha,raw_weighted_accuracy,raw_rmse,raw_mae,calibration,calibrated_weighted_accuracy,calibrated_rmse,calibrated_mae
1.0,0.46613779879461376,18.027601790856558,12.672908890242779,positive_clip,0.6583590604742227,16.783985106020086,11.300921194033789
